model_id,domain,arch,scale,n_layers,d_model,distribution,seed,held_out,config,checkpoint,status,notes
othello_transformer_small_synthetic_s0,othello,transformer,small,4,128,synthetic,0,no,outputs/zoo/othello_transformer_small_synthetic_s0/config.json,outputs/zoo/othello_transformer_small_synthetic_s0/model.pt,planned,
othello_transformer_small_synthetic_s1,othello,transformer,small,4,128,synthetic,1,no,outputs/zoo/othello_transformer_small_synthetic_s1/config.json,outputs/zoo/othello_transformer_small_synthetic_s1/model.pt,planned,
othello_transformer_small_synthetic_s2,othello,transformer,small,4,128,synthetic,2,no,outputs/zoo/othello_transformer_small_synthetic_s2/config.json,outputs/zoo/othello_transformer_small_synthetic_s2/model.pt,planned,
othello_transformer_small_championship_s0,othello,transformer,small,4,128,championship,0,no,outputs/zoo/othello_transformer_small_championship_s0/config.json,outputs/zoo/othello_transformer_small_championship_s0/model.pt,planned,
othello_transformer_small_championship_s1,othello,transformer,small,4,128,championship,1,no,outputs/zoo/othello_transformer_small_championship_s1/config.json,outputs/zoo/othello_transformer_small_championship_s1/model.pt,planned,
othello_transformer_small_championship_s2,othello,transformer,small,4,128,championship,2,no,outputs/zoo/othello_transformer_small_championship_s2/config.json,outputs/zoo/othello_transformer_small_championship_s2/model.pt,planned,
othello_transformer_small_mixed_s0,othello,transformer,small,4,128,mixed,0,no,outputs/zoo/othello_transformer_small_mixed_s0/config.json,outputs/zoo/othello_transformer_small_mixed_s0/model.pt,planned,
othello_transformer_small_mixed_s1,othello,transformer,small,4,128,mixed,1,no,outputs/zoo/othello_transformer_small_mixed_s1/config.json,outputs/zoo/othello_transformer_small_mixed_s1/model.pt,planned,
othello_transformer_small_mixed_s2,othello,transformer,small,4,128,mixed,2,no,outputs/zoo/othello_transformer_small_mixed_s2/config.json,outputs/zoo/othello_transformer_small_mixed_s2/model.pt,planned,
othello_transformer_medium_synthetic_s0,othello,transformer,medium,6,256,synthetic,0,no,outputs/zoo/othello_transformer_medium_synthetic_s0/config.json,outputs/zoo/othello_transformer_medium_synthetic_s0/model.pt,planned,
othello_transformer_medium_synthetic_s1,othello,transformer,medium,6,256,synthetic,1,no,outputs/zoo/othello_transformer_medium_synthetic_s1/config.json,outputs/zoo/othello_transformer_medium_synthetic_s1/model.pt,planned,
othello_transformer_medium_synthetic_s2,othello,transformer,medium,6,256,synthetic,2,no,outputs/zoo/othello_transformer_medium_synthetic_s2/config.json,outputs/zoo/othello_transformer_medium_synthetic_s2/model.pt,planned,
othello_transformer_medium_championship_s0,othello,transformer,medium,6,256,championship,0,no,outputs/zoo/othello_transformer_medium_championship_s0/config.json,outputs/zoo/othello_transformer_medium_championship_s0/model.pt,planned,
othello_transformer_medium_championship_s1,othello,transformer,medium,6,256,championship,1,no,outputs/zoo/othello_transformer_medium_championship_s1/config.json,outputs/zoo/othello_transformer_medium_championship_s1/model.pt,planned,
othello_transformer_medium_championship_s2,othello,transformer,medium,6,256,championship,2,no,outputs/zoo/othello_transformer_medium_championship_s2/config.json,outputs/zoo/othello_transformer_medium_championship_s2/model.pt,planned,
othello_transformer_medium_mixed_s0,othello,transformer,medium,6,256,mixed,0,no,outputs/zoo/othello_transformer_medium_mixed_s0/config.json,outputs/zoo/othello_transformer_medium_mixed_s0/model.pt,planned,
othello_transformer_medium_mixed_s1,othello,transformer,medium,6,256,mixed,1,no,outputs/zoo/othello_transformer_medium_mixed_s1/config.json,outputs/zoo/othello_transformer_medium_mixed_s1/model.pt,planned,
othello_transformer_medium_mixed_s2,othello,transformer,medium,6,256,mixed,2,no,outputs/zoo/othello_transformer_medium_mixed_s2/config.json,outputs/zoo/othello_transformer_medium_mixed_s2/model.pt,planned,
othello_transformer_large_synthetic_s0,othello,transformer,large,8,512,synthetic,0,no,outputs/zoo/othello_transformer_large_synthetic_s0/config.json,outputs/zoo/othello_transformer_large_synthetic_s0/model.pt,planned,
othello_transformer_large_synthetic_s1,othello,transformer,large,8,512,synthetic,1,no,outputs/zoo/othello_transformer_large_synthetic_s1/config.json,outputs/zoo/othello_transformer_large_synthetic_s1/model.pt,planned,
othello_transformer_large_synthetic_s2,othello,transformer,large,8,512,synthetic,2,no,outputs/zoo/othello_transformer_large_synthetic_s2/config.json,outputs/zoo/othello_transformer_large_synthetic_s2/model.pt,planned,
othello_transformer_large_championship_s0,othello,transformer,large,8,512,championship,0,no,outputs/zoo/othello_transformer_large_championship_s0/config.json,outputs/zoo/othello_transformer_large_championship_s0/model.pt,planned,
othello_transformer_large_championship_s1,othello,transformer,large,8,512,championship,1,no,outputs/zoo/othello_transformer_large_championship_s1/config.json,outputs/zoo/othello_transformer_large_championship_s1/model.pt,planned,
othello_transformer_large_championship_s2,othello,transformer,large,8,512,championship,2,no,outputs/zoo/othello_transformer_large_championship_s2/config.json,outputs/zoo/othello_transformer_large_championship_s2/model.pt,planned,
othello_transformer_large_mixed_s0,othello,transformer,large,8,512,mixed,0,no,outputs/zoo/othello_transformer_large_mixed_s0/config.json,outputs/zoo/othello_transformer_large_mixed_s0/model.pt,planned,
othello_transformer_large_mixed_s1,othello,transformer,large,8,512,mixed,1,no,outputs/zoo/othello_transformer_large_mixed_s1/config.json,outputs/zoo/othello_transformer_large_mixed_s1/model.pt,planned,
othello_transformer_large_mixed_s2,othello,transformer,large,8,512,mixed,2,no,outputs/zoo/othello_transformer_large_mixed_s2/config.json,outputs/zoo/othello_transformer_large_mixed_s2/model.pt,planned,
othello_lstm_small_synthetic_s0,othello,lstm,small,4,128,synthetic,0,no,outputs/zoo/othello_lstm_small_synthetic_s0/config.json,outputs/zoo/othello_lstm_small_synthetic_s0/model.pt,planned,
othello_lstm_small_synthetic_s1,othello,lstm,small,4,128,synthetic,1,no,outputs/zoo/othello_lstm_small_synthetic_s1/config.json,outputs/zoo/othello_lstm_small_synthetic_s1/model.pt,planned,
othello_lstm_small_synthetic_s2,othello,lstm,small,4,128,synthetic,2,no,outputs/zoo/othello_lstm_small_synthetic_s2/config.json,outputs/zoo/othello_lstm_small_synthetic_s2/model.pt,planned,
othello_lstm_small_championship_s0,othello,lstm,small,4,128,championship,0,no,outputs/zoo/othello_lstm_small_championship_s0/config.json,outputs/zoo/othello_lstm_small_championship_s0/model.pt,planned,
othello_lstm_small_championship_s1,othello,lstm,small,4,128,championship,1,no,outputs/zoo/othello_lstm_small_championship_s1/config.json,outputs/zoo/othello_lstm_small_championship_s1/model.pt,planned,
othello_lstm_small_championship_s2,othello,lstm,small,4,128,championship,2,no,outputs/zoo/othello_lstm_small_championship_s2/config.json,outputs/zoo/othello_lstm_small_championship_s2/model.pt,planned,
othello_lstm_small_mixed_s0,othello,lstm,small,4,128,mixed,0,no,outputs/zoo/othello_lstm_small_mixed_s0/config.json,outputs/zoo/othello_lstm_small_mixed_s0/model.pt,planned,
othello_lstm_small_mixed_s1,othello,lstm,small,4,128,mixed,1,no,outputs/zoo/othello_lstm_small_mixed_s1/config.json,outputs/zoo/othello_lstm_small_mixed_s1/model.pt,planned,
othello_lstm_small_mixed_s2,othello,lstm,small,4,128,mixed,2,no,outputs/zoo/othello_lstm_small_mixed_s2/config.json,outputs/zoo/othello_lstm_small_mixed_s2/model.pt,planned,
othello_lstm_medium_synthetic_s0,othello,lstm,medium,6,256,synthetic,0,no,outputs/zoo/othello_lstm_medium_synthetic_s0/config.json,outputs/zoo/othello_lstm_medium_synthetic_s0/model.pt,planned,
othello_lstm_medium_synthetic_s1,othello,lstm,medium,6,256,synthetic,1,no,outputs/zoo/othello_lstm_medium_synthetic_s1/config.json,outputs/zoo/othello_lstm_medium_synthetic_s1/model.pt,planned,
othello_lstm_medium_synthetic_s2,othello,lstm,medium,6,256,synthetic,2,no,outputs/zoo/othello_lstm_medium_synthetic_s2/config.json,outputs/zoo/othello_lstm_medium_synthetic_s2/model.pt,planned,
othello_lstm_medium_championship_s0,othello,lstm,medium,6,256,championship,0,no,outputs/zoo/othello_lstm_medium_championship_s0/config.json,outputs/zoo/othello_lstm_medium_championship_s0/model.pt,planned,
othello_lstm_medium_championship_s1,othello,lstm,medium,6,256,championship,1,no,outputs/zoo/othello_lstm_medium_championship_s1/config.json,outputs/zoo/othello_lstm_medium_championship_s1/model.pt,planned,
othello_lstm_medium_championship_s2,othello,lstm,medium,6,256,championship,2,no,outputs/zoo/othello_lstm_medium_championship_s2/config.json,outputs/zoo/othello_lstm_medium_championship_s2/model.pt,planned,
othello_lstm_medium_mixed_s0,othello,lstm,medium,6,256,mixed,0,no,outputs/zoo/othello_lstm_medium_mixed_s0/config.json,outputs/zoo/othello_lstm_medium_mixed_s0/model.pt,planned,
othello_lstm_medium_mixed_s1,othello,lstm,medium,6,256,mixed,1,no,outputs/zoo/othello_lstm_medium_mixed_s1/config.json,outputs/zoo/othello_lstm_medium_mixed_s1/model.pt,planned,
othello_lstm_medium_mixed_s2,othello,lstm,medium,6,256,mixed,2,no,outputs/zoo/othello_lstm_medium_mixed_s2/config.json,outputs/zoo/othello_lstm_medium_mixed_s2/model.pt,planned,
othello_lstm_large_synthetic_s0,othello,lstm,large,8,512,synthetic,0,no,outputs/zoo/othello_lstm_large_synthetic_s0/config.json,outputs/zoo/othello_lstm_large_synthetic_s0/model.pt,planned,
othello_lstm_large_synthetic_s1,othello,lstm,large,8,512,synthetic,1,no,outputs/zoo/othello_lstm_large_synthetic_s1/config.json,outputs/zoo/othello_lstm_large_synthetic_s1/model.pt,planned,
othello_lstm_large_synthetic_s2,othello,lstm,large,8,512,synthetic,2,no,outputs/zoo/othello_lstm_large_synthetic_s2/config.json,outputs/zoo/othello_lstm_large_synthetic_s2/model.pt,planned,
othello_lstm_large_championship_s0,othello,lstm,large,8,512,championship,0,no,outputs/zoo/othello_lstm_large_championship_s0/config.json,outputs/zoo/othello_lstm_large_championship_s0/model.pt,planned,
othello_lstm_large_championship_s1,othello,lstm,large,8,512,championship,1,no,outputs/zoo/othello_lstm_large_championship_s1/config.json,outputs/zoo/othello_lstm_large_championship_s1/model.pt,planned,
othello_lstm_large_championship_s2,othello,lstm,large,8,512,championship,2,no,outputs/zoo/othello_lstm_large_championship_s2/config.json,outputs/zoo/othello_lstm_large_championship_s2/model.pt,planned,
othello_lstm_large_mixed_s0,othello,lstm,large,8,512,mixed,0,no,outputs/zoo/othello_lstm_large_mixed_s0/config.json,outputs/zoo/othello_lstm_large_mixed_s0/model.pt,planned,
othello_lstm_large_mixed_s1,othello,lstm,large,8,512,mixed,1,no,outputs/zoo/othello_lstm_large_mixed_s1/config.json,outputs/zoo/othello_lstm_large_mixed_s1/model.pt,planned,
othello_lstm_large_mixed_s2,othello,lstm,large,8,512,mixed,2,no,outputs/zoo/othello_lstm_large_mixed_s2/config.json,outputs/zoo/othello_lstm_large_mixed_s2/model.pt,planned,
othello_mamba_small_synthetic_s0,othello,mamba,small,4,128,synthetic,0,no,outputs/zoo/othello_mamba_small_synthetic_s0/config.json,outputs/zoo/othello_mamba_small_synthetic_s0/model.pt,planned,
othello_mamba_small_synthetic_s1,othello,mamba,small,4,128,synthetic,1,no,outputs/zoo/othello_mamba_small_synthetic_s1/config.json,outputs/zoo/othello_mamba_small_synthetic_s1/model.pt,planned,
othello_mamba_small_synthetic_s2,othello,mamba,small,4,128,synthetic,2,no,outputs/zoo/othello_mamba_small_synthetic_s2/config.json,outputs/zoo/othello_mamba_small_synthetic_s2/model.pt,planned,
othello_mamba_small_championship_s0,othello,mamba,small,4,128,championship,0,no,outputs/zoo/othello_mamba_small_championship_s0/config.json,outputs/zoo/othello_mamba_small_championship_s0/model.pt,planned,
othello_mamba_small_championship_s1,othello,mamba,small,4,128,championship,1,no,outputs/zoo/othello_mamba_small_championship_s1/config.json,outputs/zoo/othello_mamba_small_championship_s1/model.pt,planned,
othello_mamba_small_championship_s2,othello,mamba,small,4,128,championship,2,no,outputs/zoo/othello_mamba_small_championship_s2/config.json,outputs/zoo/othello_mamba_small_championship_s2/model.pt,planned,
othello_mamba_small_mixed_s0,othello,mamba,small,4,128,mixed,0,no,outputs/zoo/othello_mamba_small_mixed_s0/config.json,outputs/zoo/othello_mamba_small_mixed_s0/model.pt,planned,
othello_mamba_small_mixed_s1,othello,mamba,small,4,128,mixed,1,no,outputs/zoo/othello_mamba_small_mixed_s1/config.json,outputs/zoo/othello_mamba_small_mixed_s1/model.pt,planned,
othello_mamba_small_mixed_s2,othello,mamba,small,4,128,mixed,2,no,outputs/zoo/othello_mamba_small_mixed_s2/config.json,outputs/zoo/othello_mamba_small_mixed_s2/model.pt,planned,
othello_mamba_medium_synthetic_s0,othello,mamba,medium,6,256,synthetic,0,no,outputs/zoo/othello_mamba_medium_synthetic_s0/config.json,outputs/zoo/othello_mamba_medium_synthetic_s0/model.pt,planned,
othello_mamba_medium_synthetic_s1,othello,mamba,medium,6,256,synthetic,1,no,outputs/zoo/othello_mamba_medium_synthetic_s1/config.json,outputs/zoo/othello_mamba_medium_synthetic_s1/model.pt,planned,
othello_mamba_medium_synthetic_s2,othello,mamba,medium,6,256,synthetic,2,no,outputs/zoo/othello_mamba_medium_synthetic_s2/config.json,outputs/zoo/othello_mamba_medium_synthetic_s2/model.pt,planned,
othello_mamba_medium_championship_s0,othello,mamba,medium,6,256,championship,0,no,outputs/zoo/othello_mamba_medium_championship_s0/config.json,outputs/zoo/othello_mamba_medium_championship_s0/model.pt,planned,
othello_mamba_medium_championship_s1,othello,mamba,medium,6,256,championship,1,no,outputs/zoo/othello_mamba_medium_championship_s1/config.json,outputs/zoo/othello_mamba_medium_championship_s1/model.pt,planned,
othello_mamba_medium_championship_s2,othello,mamba,medium,6,256,championship,2,no,outputs/zoo/othello_mamba_medium_championship_s2/config.json,outputs/zoo/othello_mamba_medium_championship_s2/model.pt,planned,
othello_mamba_medium_mixed_s0,othello,mamba,medium,6,256,mixed,0,no,outputs/zoo/othello_mamba_medium_mixed_s0/config.json,outputs/zoo/othello_mamba_medium_mixed_s0/model.pt,planned,
othello_mamba_medium_mixed_s1,othello,mamba,medium,6,256,mixed,1,no,outputs/zoo/othello_mamba_medium_mixed_s1/config.json,outputs/zoo/othello_mamba_medium_mixed_s1/model.pt,planned,
othello_mamba_medium_mixed_s2,othello,mamba,medium,6,256,mixed,2,no,outputs/zoo/othello_mamba_medium_mixed_s2/config.json,outputs/zoo/othello_mamba_medium_mixed_s2/model.pt,planned,
othello_mamba_large_synthetic_s0,othello,mamba,large,8,512,synthetic,0,no,outputs/zoo/othello_mamba_large_synthetic_s0/config.json,outputs/zoo/othello_mamba_large_synthetic_s0/model.pt,planned,
othello_mamba_large_synthetic_s1,othello,mamba,large,8,512,synthetic,1,no,outputs/zoo/othello_mamba_large_synthetic_s1/config.json,outputs/zoo/othello_mamba_large_synthetic_s1/model.pt,planned,
othello_mamba_large_synthetic_s2,othello,mamba,large,8,512,synthetic,2,no,outputs/zoo/othello_mamba_large_synthetic_s2/config.json,outputs/zoo/othello_mamba_large_synthetic_s2/model.pt,planned,
othello_mamba_large_championship_s0,othello,mamba,large,8,512,championship,0,no,outputs/zoo/othello_mamba_large_championship_s0/config.json,outputs/zoo/othello_mamba_large_championship_s0/model.pt,planned,
othello_mamba_large_championship_s1,othello,mamba,large,8,512,championship,1,no,outputs/zoo/othello_mamba_large_championship_s1/config.json,outputs/zoo/othello_mamba_large_championship_s1/model.pt,planned,
othello_mamba_large_championship_s2,othello,mamba,large,8,512,championship,2,no,outputs/zoo/othello_mamba_large_championship_s2/config.json,outputs/zoo/othello_mamba_large_championship_s2/model.pt,planned,
othello_mamba_large_mixed_s0,othello,mamba,large,8,512,mixed,0,no,outputs/zoo/othello_mamba_large_mixed_s0/config.json,outputs/zoo/othello_mamba_large_mixed_s0/model.pt,planned,
othello_mamba_large_mixed_s1,othello,mamba,large,8,512,mixed,1,no,outputs/zoo/othello_mamba_large_mixed_s1/config.json,outputs/zoo/othello_mamba_large_mixed_s1/model.pt,planned,
othello_mamba_large_mixed_s2,othello,mamba,large,8,512,mixed,2,no,outputs/zoo/othello_mamba_large_mixed_s2/config.json,outputs/zoo/othello_mamba_large_mixed_s2/model.pt,planned,
maps_transformer_small_shortest_paths_s0,maps,transformer,small,4,128,shortest_paths,0,no,outputs/zoo/maps_transformer_small_shortest_paths_s0/config.json,outputs/zoo/maps_transformer_small_shortest_paths_s0/model.pt,planned,
maps_transformer_small_shortest_paths_s1,maps,transformer,small,4,128,shortest_paths,1,no,outputs/zoo/maps_transformer_small_shortest_paths_s1/config.json,outputs/zoo/maps_transformer_small_shortest_paths_s1/model.pt,planned,
maps_transformer_small_shortest_paths_s2,maps,transformer,small,4,128,shortest_paths,2,no,outputs/zoo/maps_transformer_small_shortest_paths_s2/config.json,outputs/zoo/maps_transformer_small_shortest_paths_s2/model.pt,planned,
maps_transformer_small_noisy_shortest_paths_s0,maps,transformer,small,4,128,noisy_shortest_paths,0,no,outputs/zoo/maps_transformer_small_noisy_shortest_paths_s0/config.json,outputs/zoo/maps_transformer_small_noisy_shortest_paths_s0/model.pt,planned,
maps_transformer_small_noisy_shortest_paths_s1,maps,transformer,small,4,128,noisy_shortest_paths,1,no,outputs/zoo/maps_transformer_small_noisy_shortest_paths_s1/config.json,outputs/zoo/maps_transformer_small_noisy_shortest_paths_s1/model.pt,planned,
maps_transformer_small_noisy_shortest_paths_s2,maps,transformer,small,4,128,noisy_shortest_paths,2,no,outputs/zoo/maps_transformer_small_noisy_shortest_paths_s2/config.json,outputs/zoo/maps_transformer_small_noisy_shortest_paths_s2/model.pt,planned,
maps_transformer_small_random_walks_s0,maps,transformer,small,4,128,random_walks,0,no,outputs/zoo/maps_transformer_small_random_walks_s0/config.json,outputs/zoo/maps_transformer_small_random_walks_s0/model.pt,planned,
maps_transformer_small_random_walks_s1,maps,transformer,small,4,128,random_walks,1,no,outputs/zoo/maps_transformer_small_random_walks_s1/config.json,outputs/zoo/maps_transformer_small_random_walks_s1/model.pt,planned,
maps_transformer_small_random_walks_s2,maps,transformer,small,4,128,random_walks,2,no,outputs/zoo/maps_transformer_small_random_walks_s2/config.json,outputs/zoo/maps_transformer_small_random_walks_s2/model.pt,planned,
maps_transformer_medium_shortest_paths_s0,maps,transformer,medium,6,256,shortest_paths,0,no,outputs/zoo/maps_transformer_medium_shortest_paths_s0/config.json,outputs/zoo/maps_transformer_medium_shortest_paths_s0/model.pt,planned,
maps_transformer_medium_shortest_paths_s1,maps,transformer,medium,6,256,shortest_paths,1,no,outputs/zoo/maps_transformer_medium_shortest_paths_s1/config.json,outputs/zoo/maps_transformer_medium_shortest_paths_s1/model.pt,planned,
maps_transformer_medium_shortest_paths_s2,maps,transformer,medium,6,256,shortest_paths,2,no,outputs/zoo/maps_transformer_medium_shortest_paths_s2/config.json,outputs/zoo/maps_transformer_medium_shortest_paths_s2/model.pt,planned,
maps_transformer_medium_noisy_shortest_paths_s0,maps,transformer,medium,6,256,noisy_shortest_paths,0,no,outputs/zoo/maps_transformer_medium_noisy_shortest_paths_s0/config.json,outputs/zoo/maps_transformer_medium_noisy_shortest_paths_s0/model.pt,planned,
maps_transformer_medium_noisy_shortest_paths_s1,maps,transformer,medium,6,256,noisy_shortest_paths,1,no,outputs/zoo/maps_transformer_medium_noisy_shortest_paths_s1/config.json,outputs/zoo/maps_transformer_medium_noisy_shortest_paths_s1/model.pt,planned,
maps_transformer_medium_noisy_shortest_paths_s2,maps,transformer,medium,6,256,noisy_shortest_paths,2,no,outputs/zoo/maps_transformer_medium_noisy_shortest_paths_s2/config.json,outputs/zoo/maps_transformer_medium_noisy_shortest_paths_s2/model.pt,planned,
maps_transformer_medium_random_walks_s0,maps,transformer,medium,6,256,random_walks,0,no,outputs/zoo/maps_transformer_medium_random_walks_s0/config.json,outputs/zoo/maps_transformer_medium_random_walks_s0/model.pt,planned,
maps_transformer_medium_random_walks_s1,maps,transformer,medium,6,256,random_walks,1,no,outputs/zoo/maps_transformer_medium_random_walks_s1/config.json,outputs/zoo/maps_transformer_medium_random_walks_s1/model.pt,planned,
maps_transformer_medium_random_walks_s2,maps,transformer,medium,6,256,random_walks,2,no,outputs/zoo/maps_transformer_medium_random_walks_s2/config.json,outputs/zoo/maps_transformer_medium_random_walks_s2/model.pt,planned,
maps_transformer_large_shortest_paths_s0,maps,transformer,large,8,512,shortest_paths,0,no,outputs/zoo/maps_transformer_large_shortest_paths_s0/config.json,outputs/zoo/maps_transformer_large_shortest_paths_s0/model.pt,planned,
maps_transformer_large_shortest_paths_s1,maps,transformer,large,8,512,shortest_paths,1,no,outputs/zoo/maps_transformer_large_shortest_paths_s1/config.json,outputs/zoo/maps_transformer_large_shortest_paths_s1/model.pt,planned,
maps_transformer_large_shortest_paths_s2,maps,transformer,large,8,512,shortest_paths,2,no,outputs/zoo/maps_transformer_large_shortest_paths_s2/config.json,outputs/zoo/maps_transformer_large_shortest_paths_s2/model.pt,planned,
maps_transformer_large_noisy_shortest_paths_s0,maps,transformer,large,8,512,noisy_shortest_paths,0,no,outputs/zoo/maps_transformer_large_noisy_shortest_paths_s0/config.json,outputs/zoo/maps_transformer_large_noisy_shortest_paths_s0/model.pt,planned,
maps_transformer_large_noisy_shortest_paths_s1,maps,transformer,large,8,512,noisy_shortest_paths,1,no,outputs/zoo/maps_transformer_large_noisy_shortest_paths_s1/config.json,outputs/zoo/maps_transformer_large_noisy_shortest_paths_s1/model.pt,planned,
maps_transformer_large_noisy_shortest_paths_s2,maps,transformer,large,8,512,noisy_shortest_paths,2,no,outputs/zoo/maps_transformer_large_noisy_shortest_paths_s2/config.json,outputs/zoo/maps_transformer_large_noisy_shortest_paths_s2/model.pt,planned,
maps_transformer_large_random_walks_s0,maps,transformer,large,8,512,random_walks,0,no,outputs/zoo/maps_transformer_large_random_walks_s0/config.json,outputs/zoo/maps_transformer_large_random_walks_s0/model.pt,planned,
maps_transformer_large_random_walks_s1,maps,transformer,large,8,512,random_walks,1,no,outputs/zoo/maps_transformer_large_random_walks_s1/config.json,outputs/zoo/maps_transformer_large_random_walks_s1/model.pt,planned,
maps_transformer_large_random_walks_s2,maps,transformer,large,8,512,random_walks,2,no,outputs/zoo/maps_transformer_large_random_walks_s2/config.json,outputs/zoo/maps_transformer_large_random_walks_s2/model.pt,planned,
maps_lstm_small_shortest_paths_s0,maps,lstm,small,4,128,shortest_paths,0,no,outputs/zoo/maps_lstm_small_shortest_paths_s0/config.json,outputs/zoo/maps_lstm_small_shortest_paths_s0/model.pt,planned,
maps_lstm_small_shortest_paths_s1,maps,lstm,small,4,128,shortest_paths,1,no,outputs/zoo/maps_lstm_small_shortest_paths_s1/config.json,outputs/zoo/maps_lstm_small_shortest_paths_s1/model.pt,planned,
maps_lstm_small_shortest_paths_s2,maps,lstm,small,4,128,shortest_paths,2,no,outputs/zoo/maps_lstm_small_shortest_paths_s2/config.json,outputs/zoo/maps_lstm_small_shortest_paths_s2/model.pt,planned,
maps_lstm_small_noisy_shortest_paths_s0,maps,lstm,small,4,128,noisy_shortest_paths,0,no,outputs/zoo/maps_lstm_small_noisy_shortest_paths_s0/config.json,outputs/zoo/maps_lstm_small_noisy_shortest_paths_s0/model.pt,planned,
maps_lstm_small_noisy_shortest_paths_s1,maps,lstm,small,4,128,noisy_shortest_paths,1,no,outputs/zoo/maps_lstm_small_noisy_shortest_paths_s1/config.json,outputs/zoo/maps_lstm_small_noisy_shortest_paths_s1/model.pt,planned,
maps_lstm_small_noisy_shortest_paths_s2,maps,lstm,small,4,128,noisy_shortest_paths,2,no,outputs/zoo/maps_lstm_small_noisy_shortest_paths_s2/config.json,outputs/zoo/maps_lstm_small_noisy_shortest_paths_s2/model.pt,planned,
maps_lstm_small_random_walks_s0,maps,lstm,small,4,128,random_walks,0,no,outputs/zoo/maps_lstm_small_random_walks_s0/config.json,outputs/zoo/maps_lstm_small_random_walks_s0/model.pt,planned,
maps_lstm_small_random_walks_s1,maps,lstm,small,4,128,random_walks,1,no,outputs/zoo/maps_lstm_small_random_walks_s1/config.json,outputs/zoo/maps_lstm_small_random_walks_s1/model.pt,planned,
maps_lstm_small_random_walks_s2,maps,lstm,small,4,128,random_walks,2,no,outputs/zoo/maps_lstm_small_random_walks_s2/config.json,outputs/zoo/maps_lstm_small_random_walks_s2/model.pt,planned,
maps_lstm_medium_shortest_paths_s0,maps,lstm,medium,6,256,shortest_paths,0,no,outputs/zoo/maps_lstm_medium_shortest_paths_s0/config.json,outputs/zoo/maps_lstm_medium_shortest_paths_s0/model.pt,planned,
maps_lstm_medium_shortest_paths_s1,maps,lstm,medium,6,256,shortest_paths,1,no,outputs/zoo/maps_lstm_medium_shortest_paths_s1/config.json,outputs/zoo/maps_lstm_medium_shortest_paths_s1/model.pt,planned,
maps_lstm_medium_shortest_paths_s2,maps,lstm,medium,6,256,shortest_paths,2,no,outputs/zoo/maps_lstm_medium_shortest_paths_s2/config.json,outputs/zoo/maps_lstm_medium_shortest_paths_s2/model.pt,planned,
maps_lstm_medium_noisy_shortest_paths_s0,maps,lstm,medium,6,256,noisy_shortest_paths,0,no,outputs/zoo/maps_lstm_medium_noisy_shortest_paths_s0/config.json,outputs/zoo/maps_lstm_medium_noisy_shortest_paths_s0/model.pt,planned,
maps_lstm_medium_noisy_shortest_paths_s1,maps,lstm,medium,6,256,noisy_shortest_paths,1,no,outputs/zoo/maps_lstm_medium_noisy_shortest_paths_s1/config.json,outputs/zoo/maps_lstm_medium_noisy_shortest_paths_s1/model.pt,planned,
maps_lstm_medium_noisy_shortest_paths_s2,maps,lstm,medium,6,256,noisy_shortest_paths,2,no,outputs/zoo/maps_lstm_medium_noisy_shortest_paths_s2/config.json,outputs/zoo/maps_lstm_medium_noisy_shortest_paths_s2/model.pt,planned,
maps_lstm_medium_random_walks_s0,maps,lstm,medium,6,256,random_walks,0,no,outputs/zoo/maps_lstm_medium_random_walks_s0/config.json,outputs/zoo/maps_lstm_medium_random_walks_s0/model.pt,planned,
maps_lstm_medium_random_walks_s1,maps,lstm,medium,6,256,random_walks,1,no,outputs/zoo/maps_lstm_medium_random_walks_s1/config.json,outputs/zoo/maps_lstm_medium_random_walks_s1/model.pt,planned,
maps_lstm_medium_random_walks_s2,maps,lstm,medium,6,256,random_walks,2,no,outputs/zoo/maps_lstm_medium_random_walks_s2/config.json,outputs/zoo/maps_lstm_medium_random_walks_s2/model.pt,planned,
maps_lstm_large_shortest_paths_s0,maps,lstm,large,8,512,shortest_paths,0,no,outputs/zoo/maps_lstm_large_shortest_paths_s0/config.json,outputs/zoo/maps_lstm_large_shortest_paths_s0/model.pt,planned,
maps_lstm_large_shortest_paths_s1,maps,lstm,large,8,512,shortest_paths,1,no,outputs/zoo/maps_lstm_large_shortest_paths_s1/config.json,outputs/zoo/maps_lstm_large_shortest_paths_s1/model.pt,planned,
maps_lstm_large_shortest_paths_s2,maps,lstm,large,8,512,shortest_paths,2,no,outputs/zoo/maps_lstm_large_shortest_paths_s2/config.json,outputs/zoo/maps_lstm_large_shortest_paths_s2/model.pt,planned,
maps_lstm_large_noisy_shortest_paths_s0,maps,lstm,large,8,512,noisy_shortest_paths,0,no,outputs/zoo/maps_lstm_large_noisy_shortest_paths_s0/config.json,outputs/zoo/maps_lstm_large_noisy_shortest_paths_s0/model.pt,planned,
maps_lstm_large_noisy_shortest_paths_s1,maps,lstm,large,8,512,noisy_shortest_paths,1,no,outputs/zoo/maps_lstm_large_noisy_shortest_paths_s1/config.json,outputs/zoo/maps_lstm_large_noisy_shortest_paths_s1/model.pt,planned,
maps_lstm_large_noisy_shortest_paths_s2,maps,lstm,large,8,512,noisy_shortest_paths,2,no,outputs/zoo/maps_lstm_large_noisy_shortest_paths_s2/config.json,outputs/zoo/maps_lstm_large_noisy_shortest_paths_s2/model.pt,planned,
maps_lstm_large_random_walks_s0,maps,lstm,large,8,512,random_walks,0,no,outputs/zoo/maps_lstm_large_random_walks_s0/config.json,outputs/zoo/maps_lstm_large_random_walks_s0/model.pt,planned,
maps_lstm_large_random_walks_s1,maps,lstm,large,8,512,random_walks,1,no,outputs/zoo/maps_lstm_large_random_walks_s1/config.json,outputs/zoo/maps_lstm_large_random_walks_s1/model.pt,planned,
maps_lstm_large_random_walks_s2,maps,lstm,large,8,512,random_walks,2,no,outputs/zoo/maps_lstm_large_random_walks_s2/config.json,outputs/zoo/maps_lstm_large_random_walks_s2/model.pt,planned,
maps_mamba_small_shortest_paths_s0,maps,mamba,small,4,128,shortest_paths,0,no,outputs/zoo/maps_mamba_small_shortest_paths_s0/config.json,outputs/zoo/maps_mamba_small_shortest_paths_s0/model.pt,planned,
maps_mamba_small_shortest_paths_s1,maps,mamba,small,4,128,shortest_paths,1,no,outputs/zoo/maps_mamba_small_shortest_paths_s1/config.json,outputs/zoo/maps_mamba_small_shortest_paths_s1/model.pt,planned,
maps_mamba_small_shortest_paths_s2,maps,mamba,small,4,128,shortest_paths,2,no,outputs/zoo/maps_mamba_small_shortest_paths_s2/config.json,outputs/zoo/maps_mamba_small_shortest_paths_s2/model.pt,planned,
maps_mamba_small_noisy_shortest_paths_s0,maps,mamba,small,4,128,noisy_shortest_paths,0,no,outputs/zoo/maps_mamba_small_noisy_shortest_paths_s0/config.json,outputs/zoo/maps_mamba_small_noisy_shortest_paths_s0/model.pt,planned,
maps_mamba_small_noisy_shortest_paths_s1,maps,mamba,small,4,128,noisy_shortest_paths,1,no,outputs/zoo/maps_mamba_small_noisy_shortest_paths_s1/config.json,outputs/zoo/maps_mamba_small_noisy_shortest_paths_s1/model.pt,planned,
maps_mamba_small_noisy_shortest_paths_s2,maps,mamba,small,4,128,noisy_shortest_paths,2,no,outputs/zoo/maps_mamba_small_noisy_shortest_paths_s2/config.json,outputs/zoo/maps_mamba_small_noisy_shortest_paths_s2/model.pt,planned,
maps_mamba_small_random_walks_s0,maps,mamba,small,4,128,random_walks,0,no,outputs/zoo/maps_mamba_small_random_walks_s0/config.json,outputs/zoo/maps_mamba_small_random_walks_s0/model.pt,planned,
maps_mamba_small_random_walks_s1,maps,mamba,small,4,128,random_walks,1,no,outputs/zoo/maps_mamba_small_random_walks_s1/config.json,outputs/zoo/maps_mamba_small_random_walks_s1/model.pt,planned,
maps_mamba_small_random_walks_s2,maps,mamba,small,4,128,random_walks,2,no,outputs/zoo/maps_mamba_small_random_walks_s2/config.json,outputs/zoo/maps_mamba_small_random_walks_s2/model.pt,planned,
maps_mamba_medium_shortest_paths_s0,maps,mamba,medium,6,256,shortest_paths,0,no,outputs/zoo/maps_mamba_medium_shortest_paths_s0/config.json,outputs/zoo/maps_mamba_medium_shortest_paths_s0/model.pt,planned,
maps_mamba_medium_shortest_paths_s1,maps,mamba,medium,6,256,shortest_paths,1,no,outputs/zoo/maps_mamba_medium_shortest_paths_s1/config.json,outputs/zoo/maps_mamba_medium_shortest_paths_s1/model.pt,planned,
maps_mamba_medium_shortest_paths_s2,maps,mamba,medium,6,256,shortest_paths,2,no,outputs/zoo/maps_mamba_medium_shortest_paths_s2/config.json,outputs/zoo/maps_mamba_medium_shortest_paths_s2/model.pt,planned,
maps_mamba_medium_noisy_shortest_paths_s0,maps,mamba,medium,6,256,noisy_shortest_paths,0,no,outputs/zoo/maps_mamba_medium_noisy_shortest_paths_s0/config.json,outputs/zoo/maps_mamba_medium_noisy_shortest_paths_s0/model.pt,planned,
maps_mamba_medium_noisy_shortest_paths_s1,maps,mamba,medium,6,256,noisy_shortest_paths,1,no,outputs/zoo/maps_mamba_medium_noisy_shortest_paths_s1/config.json,outputs/zoo/maps_mamba_medium_noisy_shortest_paths_s1/model.pt,planned,
maps_mamba_medium_noisy_shortest_paths_s2,maps,mamba,medium,6,256,noisy_shortest_paths,2,no,outputs/zoo/maps_mamba_medium_noisy_shortest_paths_s2/config.json,outputs/zoo/maps_mamba_medium_noisy_shortest_paths_s2/model.pt,planned,
maps_mamba_medium_random_walks_s0,maps,mamba,medium,6,256,random_walks,0,no,outputs/zoo/maps_mamba_medium_random_walks_s0/config.json,outputs/zoo/maps_mamba_medium_random_walks_s0/model.pt,planned,
maps_mamba_medium_random_walks_s1,maps,mamba,medium,6,256,random_walks,1,no,outputs/zoo/maps_mamba_medium_random_walks_s1/config.json,outputs/zoo/maps_mamba_medium_random_walks_s1/model.pt,planned,
maps_mamba_medium_random_walks_s2,maps,mamba,medium,6,256,random_walks,2,no,outputs/zoo/maps_mamba_medium_random_walks_s2/config.json,outputs/zoo/maps_mamba_medium_random_walks_s2/model.pt,planned,
maps_mamba_large_shortest_paths_s0,maps,mamba,large,8,512,shortest_paths,0,no,outputs/zoo/maps_mamba_large_shortest_paths_s0/config.json,outputs/zoo/maps_mamba_large_shortest_paths_s0/model.pt,planned,
maps_mamba_large_shortest_paths_s1,maps,mamba,large,8,512,shortest_paths,1,no,outputs/zoo/maps_mamba_large_shortest_paths_s1/config.json,outputs/zoo/maps_mamba_large_shortest_paths_s1/model.pt,planned,
maps_mamba_large_shortest_paths_s2,maps,mamba,large,8,512,shortest_paths,2,no,outputs/zoo/maps_mamba_large_shortest_paths_s2/config.json,outputs/zoo/maps_mamba_large_shortest_paths_s2/model.pt,planned,
maps_mamba_large_noisy_shortest_paths_s0,maps,mamba,large,8,512,noisy_shortest_paths,0,no,outputs/zoo/maps_mamba_large_noisy_shortest_paths_s0/config.json,outputs/zoo/maps_mamba_large_noisy_shortest_paths_s0/model.pt,planned,
maps_mamba_large_noisy_shortest_paths_s1,maps,mamba,large,8,512,noisy_shortest_paths,1,no,outputs/zoo/maps_mamba_large_noisy_shortest_paths_s1/config.json,outputs/zoo/maps_mamba_large_noisy_shortest_paths_s1/model.pt,planned,
maps_mamba_large_noisy_shortest_paths_s2,maps,mamba,large,8,512,noisy_shortest_paths,2,no,outputs/zoo/maps_mamba_large_noisy_shortest_paths_s2/config.json,outputs/zoo/maps_mamba_large_noisy_shortest_paths_s2/model.pt,planned,
maps_mamba_large_random_walks_s0,maps,mamba,large,8,512,random_walks,0,no,outputs/zoo/maps_mamba_large_random_walks_s0/config.json,outputs/zoo/maps_mamba_large_random_walks_s0/model.pt,planned,
maps_mamba_large_random_walks_s1,maps,mamba,large,8,512,random_walks,1,no,outputs/zoo/maps_mamba_large_random_walks_s1/config.json,outputs/zoo/maps_mamba_large_random_walks_s1/model.pt,planned,
maps_mamba_large_random_walks_s2,maps,mamba,large,8,512,random_walks,2,no,outputs/zoo/maps_mamba_large_random_walks_s2/config.json,outputs/zoo/maps_mamba_large_random_walks_s2/model.pt,planned,
interpreter_transformer_small_random_s0,interpreter,transformer,small,4,128,random,0,yes,outputs/zoo/interpreter_transformer_small_random_s0/config.json,outputs/zoo/interpreter_transformer_small_random_s0/model.pt,planned,
interpreter_transformer_small_random_s1,interpreter,transformer,small,4,128,random,1,yes,outputs/zoo/interpreter_transformer_small_random_s1/config.json,outputs/zoo/interpreter_transformer_small_random_s1/model.pt,planned,
interpreter_transformer_small_random_s2,interpreter,transformer,small,4,128,random,2,yes,outputs/zoo/interpreter_transformer_small_random_s2/config.json,outputs/zoo/interpreter_transformer_small_random_s2/model.pt,planned,
interpreter_transformer_small_structured_short_s0,interpreter,transformer,small,4,128,structured_short,0,yes,outputs/zoo/interpreter_transformer_small_structured_short_s0/config.json,outputs/zoo/interpreter_transformer_small_structured_short_s0/model.pt,planned,
interpreter_transformer_small_structured_short_s1,interpreter,transformer,small,4,128,structured_short,1,yes,outputs/zoo/interpreter_transformer_small_structured_short_s1/config.json,outputs/zoo/interpreter_transformer_small_structured_short_s1/model.pt,planned,
interpreter_transformer_small_structured_short_s2,interpreter,transformer,small,4,128,structured_short,2,yes,outputs/zoo/interpreter_transformer_small_structured_short_s2/config.json,outputs/zoo/interpreter_transformer_small_structured_short_s2/model.pt,planned,
interpreter_transformer_small_structured_long_s0,interpreter,transformer,small,4,128,structured_long,0,yes,outputs/zoo/interpreter_transformer_small_structured_long_s0/config.json,outputs/zoo/interpreter_transformer_small_structured_long_s0/model.pt,planned,
interpreter_transformer_small_structured_long_s1,interpreter,transformer,small,4,128,structured_long,1,yes,outputs/zoo/interpreter_transformer_small_structured_long_s1/config.json,outputs/zoo/interpreter_transformer_small_structured_long_s1/model.pt,planned,
interpreter_transformer_small_structured_long_s2,interpreter,transformer,small,4,128,structured_long,2,yes,outputs/zoo/interpreter_transformer_small_structured_long_s2/config.json,outputs/zoo/interpreter_transformer_small_structured_long_s2/model.pt,planned,
interpreter_transformer_medium_random_s0,interpreter,transformer,medium,6,256,random,0,yes,outputs/zoo/interpreter_transformer_medium_random_s0/config.json,outputs/zoo/interpreter_transformer_medium_random_s0/model.pt,planned,
interpreter_transformer_medium_random_s1,interpreter,transformer,medium,6,256,random,1,yes,outputs/zoo/interpreter_transformer_medium_random_s1/config.json,outputs/zoo/interpreter_transformer_medium_random_s1/model.pt,planned,
interpreter_transformer_medium_random_s2,interpreter,transformer,medium,6,256,random,2,yes,outputs/zoo/interpreter_transformer_medium_random_s2/config.json,outputs/zoo/interpreter_transformer_medium_random_s2/model.pt,planned,
interpreter_transformer_medium_structured_short_s0,interpreter,transformer,medium,6,256,structured_short,0,yes,outputs/zoo/interpreter_transformer_medium_structured_short_s0/config.json,outputs/zoo/interpreter_transformer_medium_structured_short_s0/model.pt,planned,
interpreter_transformer_medium_structured_short_s1,interpreter,transformer,medium,6,256,structured_short,1,yes,outputs/zoo/interpreter_transformer_medium_structured_short_s1/config.json,outputs/zoo/interpreter_transformer_medium_structured_short_s1/model.pt,planned,
interpreter_transformer_medium_structured_short_s2,interpreter,transformer,medium,6,256,structured_short,2,yes,outputs/zoo/interpreter_transformer_medium_structured_short_s2/config.json,outputs/zoo/interpreter_transformer_medium_structured_short_s2/model.pt,planned,
interpreter_transformer_medium_structured_long_s0,interpreter,transformer,medium,6,256,structured_long,0,yes,outputs/zoo/interpreter_transformer_medium_structured_long_s0/config.json,outputs/zoo/interpreter_transformer_medium_structured_long_s0/model.pt,planned,
interpreter_transformer_medium_structured_long_s1,interpreter,transformer,medium,6,256,structured_long,1,yes,outputs/zoo/interpreter_transformer_medium_structured_long_s1/config.json,outputs/zoo/interpreter_transformer_medium_structured_long_s1/model.pt,planned,
interpreter_transformer_medium_structured_long_s2,interpreter,transformer,medium,6,256,structured_long,2,yes,outputs/zoo/interpreter_transformer_medium_structured_long_s2/config.json,outputs/zoo/interpreter_transformer_medium_structured_long_s2/model.pt,planned,
interpreter_transformer_large_random_s0,interpreter,transformer,large,8,512,random,0,yes,outputs/zoo/interpreter_transformer_large_random_s0/config.json,outputs/zoo/interpreter_transformer_large_random_s0/model.pt,planned,
interpreter_transformer_large_random_s1,interpreter,transformer,large,8,512,random,1,yes,outputs/zoo/interpreter_transformer_large_random_s1/config.json,outputs/zoo/interpreter_transformer_large_random_s1/model.pt,planned,
interpreter_transformer_large_random_s2,interpreter,transformer,large,8,512,random,2,yes,outputs/zoo/interpreter_transformer_large_random_s2/config.json,outputs/zoo/interpreter_transformer_large_random_s2/model.pt,planned,
interpreter_transformer_large_structured_short_s0,interpreter,transformer,large,8,512,structured_short,0,yes,outputs/zoo/interpreter_transformer_large_structured_short_s0/config.json,outputs/zoo/interpreter_transformer_large_structured_short_s0/model.pt,planned,
interpreter_transformer_large_structured_short_s1,interpreter,transformer,large,8,512,structured_short,1,yes,outputs/zoo/interpreter_transformer_large_structured_short_s1/config.json,outputs/zoo/interpreter_transformer_large_structured_short_s1/model.pt,planned,
interpreter_transformer_large_structured_short_s2,interpreter,transformer,large,8,512,structured_short,2,yes,outputs/zoo/interpreter_transformer_large_structured_short_s2/config.json,outputs/zoo/interpreter_transformer_large_structured_short_s2/model.pt,planned,
interpreter_transformer_large_structured_long_s0,interpreter,transformer,large,8,512,structured_long,0,yes,outputs/zoo/interpreter_transformer_large_structured_long_s0/config.json,outputs/zoo/interpreter_transformer_large_structured_long_s0/model.pt,planned,
interpreter_transformer_large_structured_long_s1,interpreter,transformer,large,8,512,structured_long,1,yes,outputs/zoo/interpreter_transformer_large_structured_long_s1/config.json,outputs/zoo/interpreter_transformer_large_structured_long_s1/model.pt,planned,
interpreter_transformer_large_structured_long_s2,interpreter,transformer,large,8,512,structured_long,2,yes,outputs/zoo/interpreter_transformer_large_structured_long_s2/config.json,outputs/zoo/interpreter_transformer_large_structured_long_s2/model.pt,planned,
interpreter_lstm_small_random_s0,interpreter,lstm,small,4,128,random,0,yes,outputs/zoo/interpreter_lstm_small_random_s0/config.json,outputs/zoo/interpreter_lstm_small_random_s0/model.pt,planned,
interpreter_lstm_small_random_s1,interpreter,lstm,small,4,128,random,1,yes,outputs/zoo/interpreter_lstm_small_random_s1/config.json,outputs/zoo/interpreter_lstm_small_random_s1/model.pt,planned,
interpreter_lstm_small_random_s2,interpreter,lstm,small,4,128,random,2,yes,outputs/zoo/interpreter_lstm_small_random_s2/config.json,outputs/zoo/interpreter_lstm_small_random_s2/model.pt,planned,
interpreter_lstm_small_structured_short_s0,interpreter,lstm,small,4,128,structured_short,0,yes,outputs/zoo/interpreter_lstm_small_structured_short_s0/config.json,outputs/zoo/interpreter_lstm_small_structured_short_s0/model.pt,planned,
interpreter_lstm_small_structured_short_s1,interpreter,lstm,small,4,128,structured_short,1,yes,outputs/zoo/interpreter_lstm_small_structured_short_s1/config.json,outputs/zoo/interpreter_lstm_small_structured_short_s1/model.pt,planned,
interpreter_lstm_small_structured_short_s2,interpreter,lstm,small,4,128,structured_short,2,yes,outputs/zoo/interpreter_lstm_small_structured_short_s2/config.json,outputs/zoo/interpreter_lstm_small_structured_short_s2/model.pt,planned,
interpreter_lstm_small_structured_long_s0,interpreter,lstm,small,4,128,structured_long,0,yes,outputs/zoo/interpreter_lstm_small_structured_long_s0/config.json,outputs/zoo/interpreter_lstm_small_structured_long_s0/model.pt,planned,
interpreter_lstm_small_structured_long_s1,interpreter,lstm,small,4,128,structured_long,1,yes,outputs/zoo/interpreter_lstm_small_structured_long_s1/config.json,outputs/zoo/interpreter_lstm_small_structured_long_s1/model.pt,planned,
interpreter_lstm_small_structured_long_s2,interpreter,lstm,small,4,128,structured_long,2,yes,outputs/zoo/interpreter_lstm_small_structured_long_s2/config.json,outputs/zoo/interpreter_lstm_small_structured_long_s2/model.pt,planned,
interpreter_lstm_medium_random_s0,interpreter,lstm,medium,6,256,random,0,yes,outputs/zoo/interpreter_lstm_medium_random_s0/config.json,outputs/zoo/interpreter_lstm_medium_random_s0/model.pt,planned,
interpreter_lstm_medium_random_s1,interpreter,lstm,medium,6,256,random,1,yes,outputs/zoo/interpreter_lstm_medium_random_s1/config.json,outputs/zoo/interpreter_lstm_medium_random_s1/model.pt,planned,
interpreter_lstm_medium_random_s2,interpreter,lstm,medium,6,256,random,2,yes,outputs/zoo/interpreter_lstm_medium_random_s2/config.json,outputs/zoo/interpreter_lstm_medium_random_s2/model.pt,planned,
interpreter_lstm_medium_structured_short_s0,interpreter,lstm,medium,6,256,structured_short,0,yes,outputs/zoo/interpreter_lstm_medium_structured_short_s0/config.json,outputs/zoo/interpreter_lstm_medium_structured_short_s0/model.pt,planned,
interpreter_lstm_medium_structured_short_s1,interpreter,lstm,medium,6,256,structured_short,1,yes,outputs/zoo/interpreter_lstm_medium_structured_short_s1/config.json,outputs/zoo/interpreter_lstm_medium_structured_short_s1/model.pt,planned,
interpreter_lstm_medium_structured_short_s2,interpreter,lstm,medium,6,256,structured_short,2,yes,outputs/zoo/interpreter_lstm_medium_structured_short_s2/config.json,outputs/zoo/interpreter_lstm_medium_structured_short_s2/model.pt,planned,
interpreter_lstm_medium_structured_long_s0,interpreter,lstm,medium,6,256,structured_long,0,yes,outputs/zoo/interpreter_lstm_medium_structured_long_s0/config.json,outputs/zoo/interpreter_lstm_medium_structured_long_s0/model.pt,planned,
interpreter_lstm_medium_structured_long_s1,interpreter,lstm,medium,6,256,structured_long,1,yes,outputs/zoo/interpreter_lstm_medium_structured_long_s1/config.json,outputs/zoo/interpreter_lstm_medium_structured_long_s1/model.pt,planned,
interpreter_lstm_medium_structured_long_s2,interpreter,lstm,medium,6,256,structured_long,2,yes,outputs/zoo/interpreter_lstm_medium_structured_long_s2/config.json,outputs/zoo/interpreter_lstm_medium_structured_long_s2/model.pt,planned,
interpreter_lstm_large_random_s0,interpreter,lstm,large,8,512,random,0,yes,outputs/zoo/interpreter_lstm_large_random_s0/config.json,outputs/zoo/interpreter_lstm_large_random_s0/model.pt,planned,
interpreter_lstm_large_random_s1,interpreter,lstm,large,8,512,random,1,yes,outputs/zoo/interpreter_lstm_large_random_s1/config.json,outputs/zoo/interpreter_lstm_large_random_s1/model.pt,planned,
interpreter_lstm_large_random_s2,interpreter,lstm,large,8,512,random,2,yes,outputs/zoo/interpreter_lstm_large_random_s2/config.json,outputs/zoo/interpreter_lstm_large_random_s2/model.pt,planned,
interpreter_lstm_large_structured_short_s0,interpreter,lstm,large,8,512,structured_short,0,yes,outputs/zoo/interpreter_lstm_large_structured_short_s0/config.json,outputs/zoo/interpreter_lstm_large_structured_short_s0/model.pt,planned,
interpreter_lstm_large_structured_short_s1,interpreter,lstm,large,8,512,structured_short,1,yes,outputs/zoo/interpreter_lstm_large_structured_short_s1/config.json,outputs/zoo/interpreter_lstm_large_structured_short_s1/model.pt,planned,
interpreter_lstm_large_structured_short_s2,interpreter,lstm,large,8,512,structured_short,2,yes,outputs/zoo/interpreter_lstm_large_structured_short_s2/config.json,outputs/zoo/interpreter_lstm_large_structured_short_s2/model.pt,planned,
interpreter_lstm_large_structured_long_s0,interpreter,lstm,large,8,512,structured_long,0,yes,outputs/zoo/interpreter_lstm_large_structured_long_s0/config.json,outputs/zoo/interpreter_lstm_large_structured_long_s0/model.pt,planned,
interpreter_lstm_large_structured_long_s1,interpreter,lstm,large,8,512,structured_long,1,yes,outputs/zoo/interpreter_lstm_large_structured_long_s1/config.json,outputs/zoo/interpreter_lstm_large_structured_long_s1/model.pt,planned,
interpreter_lstm_large_structured_long_s2,interpreter,lstm,large,8,512,structured_long,2,yes,outputs/zoo/interpreter_lstm_large_structured_long_s2/config.json,outputs/zoo/interpreter_lstm_large_structured_long_s2/model.pt,planned,
interpreter_mamba_small_random_s0,interpreter,mamba,small,4,128,random,0,yes,outputs/zoo/interpreter_mamba_small_random_s0/config.json,outputs/zoo/interpreter_mamba_small_random_s0/model.pt,planned,
interpreter_mamba_small_random_s1,interpreter,mamba,small,4,128,random,1,yes,outputs/zoo/interpreter_mamba_small_random_s1/config.json,outputs/zoo/interpreter_mamba_small_random_s1/model.pt,planned,
interpreter_mamba_small_random_s2,interpreter,mamba,small,4,128,random,2,yes,outputs/zoo/interpreter_mamba_small_random_s2/config.json,outputs/zoo/interpreter_mamba_small_random_s2/model.pt,planned,
interpreter_mamba_small_structured_short_s0,interpreter,mamba,small,4,128,structured_short,0,yes,outputs/zoo/interpreter_mamba_small_structured_short_s0/config.json,outputs/zoo/interpreter_mamba_small_structured_short_s0/model.pt,planned,
interpreter_mamba_small_structured_short_s1,interpreter,mamba,small,4,128,structured_short,1,yes,outputs/zoo/interpreter_mamba_small_structured_short_s1/config.json,outputs/zoo/interpreter_mamba_small_structured_short_s1/model.pt,planned,
interpreter_mamba_small_structured_short_s2,interpreter,mamba,small,4,128,structured_short,2,yes,outputs/zoo/interpreter_mamba_small_structured_short_s2/config.json,outputs/zoo/interpreter_mamba_small_structured_short_s2/model.pt,planned,
interpreter_mamba_small_structured_long_s0,interpreter,mamba,small,4,128,structured_long,0,yes,outputs/zoo/interpreter_mamba_small_structured_long_s0/config.json,outputs/zoo/interpreter_mamba_small_structured_long_s0/model.pt,planned,
interpreter_mamba_small_structured_long_s1,interpreter,mamba,small,4,128,structured_long,1,yes,outputs/zoo/interpreter_mamba_small_structured_long_s1/config.json,outputs/zoo/interpreter_mamba_small_structured_long_s1/model.pt,planned,
interpreter_mamba_small_structured_long_s2,interpreter,mamba,small,4,128,structured_long,2,yes,outputs/zoo/interpreter_mamba_small_structured_long_s2/config.json,outputs/zoo/interpreter_mamba_small_structured_long_s2/model.pt,planned,
interpreter_mamba_medium_random_s0,interpreter,mamba,medium,6,256,random,0,yes,outputs/zoo/interpreter_mamba_medium_random_s0/config.json,outputs/zoo/interpreter_mamba_medium_random_s0/model.pt,planned,
interpreter_mamba_medium_random_s1,interpreter,mamba,medium,6,256,random,1,yes,outputs/zoo/interpreter_mamba_medium_random_s1/config.json,outputs/zoo/interpreter_mamba_medium_random_s1/model.pt,planned,
interpreter_mamba_medium_random_s2,interpreter,mamba,medium,6,256,random,2,yes,outputs/zoo/interpreter_mamba_medium_random_s2/config.json,outputs/zoo/interpreter_mamba_medium_random_s2/model.pt,planned,
interpreter_mamba_medium_structured_short_s0,interpreter,mamba,medium,6,256,structured_short,0,yes,outputs/zoo/interpreter_mamba_medium_structured_short_s0/config.json,outputs/zoo/interpreter_mamba_medium_structured_short_s0/model.pt,planned,
interpreter_mamba_medium_structured_short_s1,interpreter,mamba,medium,6,256,structured_short,1,yes,outputs/zoo/interpreter_mamba_medium_structured_short_s1/config.json,outputs/zoo/interpreter_mamba_medium_structured_short_s1/model.pt,planned,
interpreter_mamba_medium_structured_short_s2,interpreter,mamba,medium,6,256,structured_short,2,yes,outputs/zoo/interpreter_mamba_medium_structured_short_s2/config.json,outputs/zoo/interpreter_mamba_medium_structured_short_s2/model.pt,planned,
interpreter_mamba_medium_structured_long_s0,interpreter,mamba,medium,6,256,structured_long,0,yes,outputs/zoo/interpreter_mamba_medium_structured_long_s0/config.json,outputs/zoo/interpreter_mamba_medium_structured_long_s0/model.pt,planned,
interpreter_mamba_medium_structured_long_s1,interpreter,mamba,medium,6,256,structured_long,1,yes,outputs/zoo/interpreter_mamba_medium_structured_long_s1/config.json,outputs/zoo/interpreter_mamba_medium_structured_long_s1/model.pt,planned,
interpreter_mamba_medium_structured_long_s2,interpreter,mamba,medium,6,256,structured_long,2,yes,outputs/zoo/interpreter_mamba_medium_structured_long_s2/config.json,outputs/zoo/interpreter_mamba_medium_structured_long_s2/model.pt,planned,
interpreter_mamba_large_random_s0,interpreter,mamba,large,8,512,random,0,yes,outputs/zoo/interpreter_mamba_large_random_s0/config.json,outputs/zoo/interpreter_mamba_large_random_s0/model.pt,planned,
interpreter_mamba_large_random_s1,interpreter,mamba,large,8,512,random,1,yes,outputs/zoo/interpreter_mamba_large_random_s1/config.json,outputs/zoo/interpreter_mamba_large_random_s1/model.pt,planned,
interpreter_mamba_large_random_s2,interpreter,mamba,large,8,512,random,2,yes,outputs/zoo/interpreter_mamba_large_random_s2/config.json,outputs/zoo/interpreter_mamba_large_random_s2/model.pt,planned,
interpreter_mamba_large_structured_short_s0,interpreter,mamba,large,8,512,structured_short,0,yes,outputs/zoo/interpreter_mamba_large_structured_short_s0/config.json,outputs/zoo/interpreter_mamba_large_structured_short_s0/model.pt,planned,
interpreter_mamba_large_structured_short_s1,interpreter,mamba,large,8,512,structured_short,1,yes,outputs/zoo/interpreter_mamba_large_structured_short_s1/config.json,outputs/zoo/interpreter_mamba_large_structured_short_s1/model.pt,planned,
interpreter_mamba_large_structured_short_s2,interpreter,mamba,large,8,512,structured_short,2,yes,outputs/zoo/interpreter_mamba_large_structured_short_s2/config.json,outputs/zoo/interpreter_mamba_large_structured_short_s2/model.pt,planned,
interpreter_mamba_large_structured_long_s0,interpreter,mamba,large,8,512,structured_long,0,yes,outputs/zoo/interpreter_mamba_large_structured_long_s0/config.json,outputs/zoo/interpreter_mamba_large_structured_long_s0/model.pt,planned,
interpreter_mamba_large_structured_long_s1,interpreter,mamba,large,8,512,structured_long,1,yes,outputs/zoo/interpreter_mamba_large_structured_long_s1/config.json,outputs/zoo/interpreter_mamba_large_structured_long_s1/model.pt,planned,
interpreter_mamba_large_structured_long_s2,interpreter,mamba,large,8,512,structured_long,2,yes,outputs/zoo/interpreter_mamba_large_structured_long_s2/config.json,outputs/zoo/interpreter_mamba_large_structured_long_s2/model.pt,planned,
