slice,model_id,arch,scale,distribution,seed,micro_batch,est_minutes,owner
1,othello_lstm_small_mixed_s0,lstm,small,mixed,0,0,0.6,Siddu
1,othello_transformer_small_championship_s1,transformer,small,championship,1,0,1.5,Siddu
1,othello_transformer_small_mixed_s2,transformer,small,mixed,2,0,1.5,Siddu
1,othello_lstm_medium_championship_s1,lstm,medium,championship,1,0,1.6,Siddu
1,othello_lstm_medium_mixed_s2,lstm,medium,mixed,2,0,1.6,Siddu
1,othello_lstm_medium_synthetic_s0,lstm,medium,synthetic,0,0,1.6,Siddu
1,othello_transformer_medium_championship_s2,transformer,medium,championship,2,0,4.7,Siddu
1,othello_transformer_medium_synthetic_s1,transformer,medium,synthetic,1,0,4.7,Siddu
1,othello_lstm_large_mixed_s0,lstm,large,mixed,0,0,5.9,Siddu
1,othello_lstm_large_synthetic_s0,lstm,large,synthetic,0,0,5.9,Siddu
1,othello_lstm_large_synthetic_s1,lstm,large,synthetic,1,0,5.9,Siddu
1,othello_lstm_large_synthetic_s2,lstm,large,synthetic,2,0,5.9,Siddu
1,othello_transformer_large_championship_s2,transformer,large,championship,2,0,16.1,Siddu
1,othello_transformer_large_synthetic_s1,transformer,large,synthetic,1,0,16.1,Siddu
1,othello_mamba_small_championship_s2,mamba,small,championship,2,0,17.7,Siddu
1,othello_mamba_small_synthetic_s1,mamba,small,synthetic,1,0,17.7,Siddu
1,othello_mamba_large_championship_s1,mamba,large,championship,1,64,145.7,Siddu
1,othello_mamba_large_mixed_s2,mamba,large,mixed,2,64,145.7,Siddu
1,othello_mamba_large_synthetic_s0,mamba,large,synthetic,0,64,145.7,Siddu
2,othello_lstm_small_championship_s0,lstm,small,championship,0,0,0.6,Nikhil
2,othello_lstm_small_mixed_s1,lstm,small,mixed,1,0,0.6,Nikhil
2,othello_transformer_small_mixed_s0,transformer,small,mixed,0,0,1.5,Nikhil
2,othello_transformer_small_synthetic_s2,transformer,small,synthetic,2,0,1.5,Nikhil
2,othello_lstm_medium_mixed_s0,lstm,medium,mixed,0,0,1.6,Nikhil
2,othello_lstm_medium_synthetic_s2,lstm,medium,synthetic,2,0,1.6,Nikhil
2,othello_transformer_medium_championship_s0,transformer,medium,championship,0,0,4.7,Nikhil
2,othello_transformer_medium_mixed_s1,transformer,medium,mixed,1,0,4.7,Nikhil
2,othello_lstm_large_championship_s0,lstm,large,championship,0,0,5.9,Nikhil
2,othello_lstm_large_mixed_s1,lstm,large,mixed,1,0,5.9,Nikhil
2,othello_transformer_large_mixed_s0,transformer,large,mixed,0,0,16.1,Nikhil
2,othello_transformer_large_synthetic_s2,transformer,large,synthetic,2,0,16.1,Nikhil
2,othello_mamba_small_mixed_s0,mamba,small,mixed,0,0,17.7,Nikhil
2,othello_mamba_small_synthetic_s2,mamba,small,synthetic,2,0,17.7,Nikhil
2,othello_mamba_medium_championship_s0,mamba,medium,championship,0,0,53.0,Nikhil
2,othello_mamba_medium_mixed_s0,mamba,medium,mixed,0,0,53.0,Nikhil
2,othello_mamba_medium_synthetic_s0,mamba,medium,synthetic,0,0,53.0,Nikhil
2,othello_mamba_large_championship_s2,mamba,large,championship,2,64,145.7,Nikhil
2,othello_mamba_large_synthetic_s1,mamba,large,synthetic,1,64,145.7,Nikhil
3,othello_lstm_small_championship_s1,lstm,small,championship,1,0,0.6,Viharika
3,othello_lstm_small_mixed_s2,lstm,small,mixed,2,0,0.6,Viharika
3,othello_transformer_small_championship_s0,transformer,small,championship,0,0,1.5,Viharika
3,othello_transformer_small_mixed_s1,transformer,small,mixed,1,0,1.5,Viharika
3,othello_lstm_medium_championship_s0,lstm,medium,championship,0,0,1.6,Viharika
3,othello_lstm_medium_mixed_s1,lstm,medium,mixed,1,0,1.6,Viharika
3,othello_transformer_medium_championship_s1,transformer,medium,championship,1,0,4.7,Viharika
3,othello_transformer_medium_mixed_s2,transformer,medium,mixed,2,0,4.7,Viharika
3,othello_lstm_large_championship_s1,lstm,large,championship,1,0,5.9,Viharika
3,othello_lstm_large_mixed_s2,lstm,large,mixed,2,0,5.9,Viharika
3,othello_transformer_large_championship_s0,transformer,large,championship,0,0,16.1,Viharika
3,othello_transformer_large_mixed_s1,transformer,large,mixed,1,0,16.1,Viharika
3,othello_mamba_small_championship_s0,mamba,small,championship,0,0,17.7,Viharika
3,othello_mamba_small_mixed_s1,mamba,small,mixed,1,0,17.7,Viharika
3,othello_mamba_medium_championship_s1,mamba,medium,championship,1,0,53.0,Viharika
3,othello_mamba_medium_mixed_s1,mamba,medium,mixed,1,0,53.0,Viharika
3,othello_mamba_medium_synthetic_s1,mamba,medium,synthetic,1,0,53.0,Viharika
3,othello_mamba_large_mixed_s0,mamba,large,mixed,0,64,145.7,Viharika
3,othello_mamba_large_synthetic_s2,mamba,large,synthetic,2,64,145.7,Viharika
4,othello_lstm_small_championship_s2,lstm,small,championship,2,0,0.6,Venkatesh
4,othello_lstm_small_synthetic_s1,lstm,small,synthetic,1,0,0.6,Venkatesh
4,othello_lstm_small_synthetic_s2,lstm,small,synthetic,2,0,0.6,Venkatesh
4,othello_transformer_small_championship_s2,transformer,small,championship,2,0,1.5,Venkatesh
4,othello_transformer_small_synthetic_s1,transformer,small,synthetic,1,0,1.5,Venkatesh
4,othello_lstm_medium_championship_s2,lstm,medium,championship,2,0,1.6,Venkatesh
4,othello_lstm_medium_synthetic_s1,lstm,medium,synthetic,1,0,1.6,Venkatesh
4,othello_transformer_medium_mixed_s0,transformer,medium,mixed,0,0,4.7,Venkatesh
4,othello_transformer_medium_synthetic_s0,transformer,medium,synthetic,0,0,4.7,Venkatesh
4,othello_transformer_medium_synthetic_s2,transformer,medium,synthetic,2,0,4.7,Venkatesh
4,othello_lstm_large_championship_s2,lstm,large,championship,2,0,5.9,Venkatesh
4,othello_transformer_large_championship_s1,transformer,large,championship,1,0,16.1,Venkatesh
4,othello_transformer_large_mixed_s2,transformer,large,mixed,2,0,16.1,Venkatesh
4,othello_mamba_small_championship_s1,mamba,small,championship,1,0,17.7,Venkatesh
4,othello_mamba_small_mixed_s2,mamba,small,mixed,2,0,17.7,Venkatesh
4,othello_mamba_medium_championship_s2,mamba,medium,championship,2,0,53.0,Venkatesh
4,othello_mamba_medium_mixed_s2,mamba,medium,mixed,2,0,53.0,Venkatesh
4,othello_mamba_medium_synthetic_s2,mamba,medium,synthetic,2,0,53.0,Venkatesh
4,othello_mamba_large_championship_s0,mamba,large,championship,0,64,145.7,Venkatesh
4,othello_mamba_large_mixed_s1,mamba,large,mixed,1,64,145.7,Venkatesh
0,othello_transformer_small_synthetic_s0,transformer,small,synthetic,0,0,1.5,Siddu
0,othello_transformer_large_synthetic_s0,transformer,large,synthetic,0,0,16.1,Siddu
0,othello_mamba_small_synthetic_s0,mamba,small,synthetic,0,0,17.7,Siddu
0,othello_lstm_small_synthetic_s0,lstm,small,synthetic,0,0,0.6,Nikhil
